id,text,label
1,"Introduction:
The electricity supply in India has been a long-standing issue for the people. The country faces a shortage of electricity as a result of its vast geography, high population density, and low energy efficiency levels. This article explores the recent grievances related to electricity supply in India from various perspectives, including the role of distribution companies (DISCOMs) in providing adequate power, the impact of disasters on power supply, and the need for government intervention to improve the situation.

Impact of Disasters:
The recent Cyclone Amphan that struck West Bengal has led to a significant reduction in electricity supply due to damage to transmission lines and disrupted distribution networks. The damage caused by the cyclone also affected the grid stability, which had an adverse impact on the power supply. According to the Discoms, the damaged lines have led to the loss of 30%-45% of the total generation capacity, which has affected the overall supply of electricity in the state.

Role of DISCOMs:
DISCOMs are responsible for distributing and delivering electricity to consumers. However, their efficiency and response time have been questioned over the years. The recent damage caused by cyclone Amphan has further exacerbated the situation as the distribution network is already under strain due to a shortage of power supply, which has led to increased prices and outages in some areas.

Need for Government Intervention:
There are several factors that have contributed to the lack of adequate electricity supply in India. One significant factor is the lack of government intervention, which is essential for improving the situation. Governments have failed to allocate funds for expanding the power grid and improving infrastructure, which has hindered the efforts to boost power supply.

Conclusion:
In conclusion, the impact of disasters on electricity supply in India has been severe. The recent damage caused by cyclone Amphan has led to a significant reduction in overall supply, which has affected the grid stability and overall demand for electricity. The role of DISCOMs in distributing and delivering electricity is a critical aspect, but government intervention is necessary to ensure that the situation improves and sufficient power is available for people.",Electricity
2,"Title: Not Receiving Bills Amounts Due From My Company

Sub-Heading: I have been a customer of [company name] for more than five years now, but there is a problem with the billing system which has caused us to be overdue in payments.

Describe the incident: Since our company's switch to [new billing system], we have not received the amount due from your company on time as per our records. We have tried reaching out to your customer support team, but no response has been received yet. We have even sent multiple reminders and notifications, but to no avail. The situation is quite critical, and I would like to request for immediate assistance.

Detail the issue: According to our billing statements, we have paid [bill amount] since our last bill date, which is on [date]. However, there are outstanding dues of [amount due], which has been overdue for more than a month now. This delay in payment has resulted in multiple late fees and penalties that we would be unable to pay if not addressed.

Reason for grievance: We have tried our best to resolve this issue with your customer support team, but they seem unresponsive. They have ignored all previous reminders and requests for assistance, which has frustrated us as customers. We request your company's leadership to step in and address this matter promptly so that we can pay our dues on time without facing any further financial implications.

Email/call contact information: [Insert email/phone number]",Electricity
3,"Agricultural Labourers, who work on the fields and farm lands as part of their daily routine, have been demanding safe drinking water sources for themselves and their families for some time now. However, in recent years, they have come across a new problem – the lack of proper sanitation facilities at the farms where they are employed.

The situation has become increasingly unbearable due to poor hygiene practices and unsanitary conditions at the fields. The workers have been forced to use dirty and unhygienic water sources, often leading to a range of health issues such as diarrhoea, respiratory infections, and other illnesses.

The demand for safe drinking water facilities has become more pressing due to the increasing number of cases of water-borne diseases that have been reported on farms across the country. According to a report by the National Health Policy 2017, there were an estimated 38 million people living in poverty and using unsafe water sources for their daily needs in India.

The Agricultural Labourers' Union (ALU), along with several other NGOs and civil society groups, has been working on the issue of sanitation at farms for a long time now. Their demand has been consistent – to provide safe drinking water facilities that are free from contamination and properly maintained to ensure their safety.

The government has so far shown little interest in addressing this issue, leading to a situation where hundreds of thousands of rural workers have no access to safe drinking water. The government's failure to take action on this issue is putting lives at risk and undermining the fundamental human right to clean drinking water.

The ALU has demanded that the government provide sanitation facilities for the workers, as well as regular inspections of these facilities to ensure they are kept in good condition. They have also called for the construction of more dug wells and borewells, so that farmers can use them to store their water instead of relying on the unreliable and unsafe sources available at times.

The farmer's union has been joined by other civil society groups and individuals who are working towards this common goal of creating safe drinking water facilities for all. They believe that sanitation is a basic human right and one that should be accessible to everyone, regardless of their social status or occupation.

In conclusion, the demand for safe drinking water facilities at farms has become an urgent issue in India. The government's failure to provide such facilities and insufficient efforts to maintain them are putting lives at risk, resulting in a lack of hygiene and health concerns among workers. The Agricultural Labourers' Union and other civil society groups demand that the government take immediate action to ensure that these workers have access to safe drinking water so that they can perform their duties without fearing for their health.",Sanitation
4,"Title: ""The Unreasonable Delay in Implementing the National Police Commission""

Grievance Description:
As a concerned citizen, I have been following with interest the ongoing debates regarding India's new national police commission (NPC). The creation of this body is seen as an attempt by the central government to address the long-standing problem of inadequate and ineffective law enforcement agencies. However, my perception has been that despite all the hooplah, the NPC has been left pending, with no concrete action being taken on its recommendations.

Concerns:
I have several concerns regarding the NPC's slow progress. Firstly, I am gravely concerned about the fact that the government is seemingly not doing enough to address a situation where law enforcement agencies in India are not functioning well and effectively. The delay in implementing the recommendations of the NPC has led to a perception that these recommendations have not been taken seriously or even ignored. Secondly, I am worried about the potential impact of this delayed action on citizens' safety and security. Delayed implementation of police reforms is often associated with higher crime rates and a lower degree of public trust in the law enforcement system. Thirdly, there are concerns that some senior officers have allegedly been involved in criminal activities. This has led to suspicion among the general public about the integrity of India's law enforcement agencies.

Recommendations:
I urge you to take immediate action to address these concerns and to implement the recommendations of the NPC as a matter of priority. I am demanding that the government fulfill its commitment to establishing an independent national police commission (NPC), which is mandated by law, as per Section 16 of the Police Services Act, 1968. The NPC should be established within six months of this recommendation being accepted by the Union Cabinet. This timeline will allow adequate time for necessary preparations and implementation. I am requesting that you consider these suggestions seriously and actively address them in your upcoming policy decisions.

I urge you to prioritize the appointment of an independent, impartial and qualified NPC Chairperson as a matter of urgency, as this position has been vacant for over two years now. I also request that the government consider the appointment of additional members to the NPC as well, as there is a clear need for more representation from diverse backgrounds in terms of gender, age, and experience.

Conclusion:
In conclusion, I am writing this letter to express my deep concern about the slow progress towards implementing the recommendations of India's national police commission. The failure to address these concerns has led to a perception that the government is not taking necessary steps to ensure effective law enforcement agencies and to address the issues being raised. It is time for urgent action from the central government, as per our country's legal framework. I urge you to prioritize this matter at the earliest and provide adequate support to fulfill your commitment to establishing a strong independent national police commission.",Public Safety
5,"Grievance: Violence against Women in India

Title: Complaint Against Inaction and Neglect on the Issue of Violence Against Women

Category: Social Issues

Location: Any part of India (inclusive of Delhi, Mumbai, Kolkata, etc.)

Sub-category: General Category

Objective: To raise awareness about violence against women in India and urge the government to take action in addressing this issue.

Background: In recent years, there has been a sharp increase in reports of gender-based violence in India. The situation is particularly alarming in Delhi, where the number of reported cases has increased by 126% in the last five years. Violence against women has become a prevalent problem across all parts of India, with many women feeling helpless and alone.

Recommendation: We urge the government to take immediate action to address the issue of violence against women in India. This should involve creating awareness campaigns, implementing laws and policies that will protect women from abuse, providing safe spaces for survivors, and providing support to victims. The government must also prioritize and allocate funds to implement these measures.

Conclusion: We call on the government to take a proactive stance and take immediate action to address the issue of violence against women in India. This will not only help to prevent further harm but will also send a message that this issue is a priority, and the government is committed to addressing it. We believe that with collective efforts, we can make a difference and bring about lasting change for women in India.",Violence
6,"Agricultural Labourers in the country are facing a severe shortage of sanitary pads due to lack of awareness and high prices, which has led to a severe sanitation crisis amongst them. The price for a reusable sanitary pad, which is one of the most basic and essential items for women during menstruation, varies between Rs 50-150 depending on quality and availability, making it unaffordable for many women. This has led to an increase in the incidence of menstrual health issues such as blood stains, leaks, painful cramps and other complications that affect their daily lives. In this context, it is essential to take appropriate measures to ensure proper sanitation practices among agricultural labourers. Some possible solutions are:

1. Provision of subsidised and affordable sanitary pads for women at an accessible price point.
2. Implementing a national scheme with a focus on providing menstrual products to rural areas, schools, colleges, and government offices.
3. Developing educational programmes to raise awareness among women about the importance of sanitation during their periods and how to use effective methods for their convenience.
4. Encouraging manufacturers to invest in low-cost production by offering subsidies or tax exemptions, as has been done with other sanitary products such as pads and tampons.
5. Collaborating with local NGOs and grassroots organizations to support these initiatives and provide a more comprehensive approach to addressing the sanitation crisis in agricultural labourers.",Sanitation
7,"Title: Disparity in Pricing for Electricity Supply: An Individual's Grievance

Introduction:
The Electricity Act, 2003 provides electricity supply and distribution services through Distribution Companies (DCs) across India. However, the DCs often charge a higher price than their authorized tariff and this has led to various grievances faced by individuals. One such grievance is the disparity in prices charged for the same amount of power supplied from different DCs.

Problem:
Many households face difficulty purchasing electricity, as they have to pay a higher price due to the higher tariff rates charged by different DCs. This has led to frustration and dissatisfaction among consumers.

Grievance:
The consumer, in this case, is Mr. X who lives in a small village where there are only two DCs- one supplying power to his village for 24 hours per day, seven days a week, and the other for 28 hours per day, six days a week. The DC supplying power to his village charges him Rs. 50 per unit during peak time (6 AM to 12 PM) and Rs. 30 per unit during off-peak time (12 PM to 6 AM). The one supplying power in the village for 28 hours also charges Mr. X Rs. 40 per unit during peak time and Rs. 20 per unit during off-peak time. However, the DC charging Mr. X Rs. 100 per unit for 24 hours in his village and Rs. 90 per unit for 28 hours in his village is more expensive than the DC charging him Rs. 70 per unit for 24 hours in the other DC.

Solution:
The Electricity Board (Electrobo) has been informed of Mr. X's grievance and they have initiated a review of the tariffs charged by the two DCs. The authorities have agreed to discuss the issue with the concerned DCs, and they are expected to provide an immediate solution to the problem faced by the consumer.

Conclusion:
This electricity supply disparity issue is a common problem faced by consumers in India. It leads to dissatisfaction, frustration, and eventually, calls for government intervention. The Electricity Board has initiated necessary measures to ensure that all citizens receive electricity at an affordable price.",Electricity
8,"Grievance: No Service at My Post Office!

Address: 123 Main St, City, Dated

Submitted by: <Name>, 0000000000000001

I am writing to express my disappointment over the lack of service at my local post office. As a regular customer at this location, I have always received prompt and efficient services from the staff. However, recently, there has been an unprecedented delay in receiving my parcel, which was scheduled for delivery on the same day as usual. It has left me feeling frustrated and angry.

I have tried to call the post office's customer service line multiple times to inquire about the delay, but they have not been able to help me out of the loop. Moreover, the staff at the counter has always been helpful and courteous when I have stopped by, but there is no one available to assist me with the parcel delivery.

I am demanding that my parcel be delivered on time and in perfect condition for my scheduled date of receipt. I am equally demanding that the post office rectify this issue and take proactive measures to ensure that it doesn't happen again. I have received numerous complaints from other customers, and I have come to expect prompt and reliable service from the post office.

In addition, I request an apology from the management of the post office for this unfortunate delay in service delivery. This has left me feeling neglected and unsatisfied with the level of service that is available at my local post office. Please take immediate action to rectify the situation and ensure that it doesn't happen again in the future.

Thank you for your attention, and I look forward to hearing back from you regarding this matter.

Sincerely,

[Your Name]",Public Infrastructure
9,"Grievance: Sanitation in Indian Schools and Colleges

Subject: Inadequacy of Sanitation Facilities in Indian Schools and Colleges

Addressing the following concerns:
1) The sanitation facilities provided by schools and colleges are insufficient to ensure hygiene and cleanliness, leading to unhealthy learning environments for students.
2) The lack of proper sanitation facilities at educational institutions has resulted in outbreaks of diseases like diarrhoea, gastroenteritis, and cholera, putting the lives of students at grave risk.
3) The quality of food served in schools and colleges is also poor, contributing to indigestion among students and their parents.

Consequences:
1) Infections like diarrhoea and gastroenteritis can result in severe illness and even death for students. This has a devastating impact on students' physical and mental health, which ultimately affects their academic performance.
2) A lack of proper sanitation facilities at educational institutions makes it difficult to maintain hygiene and cleanliness standards, leading to an increase in diseases. This can lead to an outbreak of diseases that can spread quickly, causing panic among students and their parents.
3) The poor quality of food served in schools and colleges contributes to indigestion among students and their parents, resulting in fatigue and stress for them, which ultimately affects their academic performance.

Solution:
1) Immediate intervention by the government is required to provide proper sanitation facilities at educational institutions. This should include the installation of toilets with water closets, hand washing stations, and garbage disposal systems.
2) The provision of adequate cleaning services in schools and colleges, including regular sanitisation of buildings and campus areas, will help ensure proper hygiene standards.
3) The establishment of healthcare facilities in schools and colleges to provide medical care for students with respiratory problems caused by poor sanitation conditions is necessary.

In summary, adequate sanitation facilities are essential for maintaining a clean environment conducive to learning. Proper sanitation at educational institutions can contribute to reducing the spread of diseases and improve academic performance among students. Immediate intervention from the government will be required to provide proper sanitation facilities and ensure that the situation is addressed.",Sanitation